<?xml version="1.0" encoding="UTF-8"?>
<!-- This is a WordPress eXtended RSS file generated by WordPress as an export of your site. -->
<!-- It contains information about your site's posts, pages, comments, categories, and other content. -->
<!-- You may use this file to transfer that content from one site to another. -->
<!-- This file is not intended to serve as a complete backup of your site. -->
<!-- To import this information into a WordPress site follow these steps: -->
<!-- 1. Log in to that site as an administrator. -->
<!-- 2. Go to Tools: Import in the WordPress admin panel. -->
<!-- 3. Install the "WordPress" importer from the list. -->
<!-- 4. Activate & Run Importer. -->
<!-- 5. Upload this file using the form provided on that page. -->
<!-- 6. You will first be asked to map the authors in this export file to users -->
<!--    on the site. For each author, you may choose to map to an -->
<!--    existing user on the site or to create a new user. -->
<!-- 7. WordPress will then import each of the posts, pages, comments, categories, etc. -->
<!--    contained in this file into your site. -->
<!-- generator="WordPress/4.2.2" created="2015-07-09 12:48" -->
<rss xmlns:excerpt="http://wordpress.org/export/1.2/excerpt/" xmlns:content="http://purl.org/rss/1.0/modules/content/" xmlns:wfw="http://wellformedweb.org/CommentAPI/" xmlns:dc="http://purl.org/dc/elements/1.1/" xmlns:wp="http://wordpress.org/export/1.2/" version="2.0">

<channel>
	<title>Fable - Children Kindergarten WordPress Theme</title>
	<link>http://quanticalabs.com/wp_themes2/fable</link>
	<description>Just another WordPress Sites site</description>
	<pubDate>Thu, 09 Jul 2015 12:48:52 +0000</pubDate>
	<language>en-US</language>
	<wp:wxr_version>1.2</wp:wxr_version>
	<wp:base_site_url>http://quanticalabs.com/wp_themes2/</wp:base_site_url>
	<wp:base_blog_url>http://quanticalabs.com/wp_themes2/fable</wp:base_blog_url>

	<wp:author><wp:author_id>1</wp:author_id><wp:author_login>admin</wp:author_login><wp:author_email>quanticalabs@gmail.com</wp:author_email><wp:author_display_name><![CDATA[admin]]></wp:author_display_name><wp:author_first_name><![CDATA[]]></wp:author_first_name><wp:author_last_name><![CDATA[]]></wp:author_last_name></wp:author>

	<wp:category><wp:term_id>14</wp:term_id><wp:category_nicename>dance</wp:category_nicename><wp:category_parent/><wp:cat_name><![CDATA[Dance]]></wp:cat_name></wp:category>
	<wp:category><wp:term_id>11</wp:term_id><wp:category_nicename>education</wp:category_nicename><wp:category_parent/><wp:cat_name><![CDATA[Education]]></wp:cat_name></wp:category>
	<wp:category><wp:term_id>18</wp:term_id><wp:category_nicename>events</wp:category_nicename><wp:category_parent/><wp:cat_name><![CDATA[Events]]></wp:cat_name></wp:category>
	<wp:category><wp:term_id>12</wp:term_id><wp:category_nicename>fun</wp:category_nicename><wp:category_parent/><wp:cat_name><![CDATA[Fun]]></wp:cat_name></wp:category>
	<wp:category><wp:term_id>17</wp:term_id><wp:category_nicename>games</wp:category_nicename><wp:category_parent/><wp:cat_name><![CDATA[Games]]></wp:cat_name></wp:category>
	<wp:category><wp:term_id>10</wp:term_id><wp:category_nicename>general</wp:category_nicename><wp:category_parent/><wp:cat_name><![CDATA[General]]></wp:cat_name></wp:category>
	<wp:category><wp:term_id>19</wp:term_id><wp:category_nicename>meetings</wp:category_nicename><wp:category_parent/><wp:cat_name><![CDATA[Meetings]]></wp:cat_name></wp:category>
	<wp:category><wp:term_id>15</wp:term_id><wp:category_nicename>music</wp:category_nicename><wp:category_parent/><wp:cat_name><![CDATA[Music]]></wp:cat_name></wp:category>
	<wp:category><wp:term_id>9</wp:term_id><wp:category_nicename>news</wp:category_nicename><wp:category_parent/><wp:cat_name><![CDATA[News]]></wp:cat_name></wp:category>
	<wp:category><wp:term_id>13</wp:term_id><wp:category_nicename>recreation</wp:category_nicename><wp:category_parent/><wp:cat_name><![CDATA[Recreation]]></wp:cat_name></wp:category>
	<wp:category><wp:term_id>1</wp:term_id><wp:category_nicename>uncategorized</wp:category_nicename><wp:category_parent/><wp:cat_name><![CDATA[Uncategorized]]></wp:cat_name></wp:category>
	<wp:tag><wp:term_id>20</wp:term_id><wp:tag_slug>tag-1</wp:tag_slug><wp:tag_name><![CDATA[Tag #1]]></wp:tag_name></wp:tag>
	<wp:tag><wp:term_id>21</wp:term_id><wp:tag_slug>tag-2</wp:tag_slug><wp:tag_name><![CDATA[Tag #2]]></wp:tag_name></wp:tag>
	<wp:tag><wp:term_id>22</wp:term_id><wp:tag_slug>tag-3</wp:tag_slug><wp:tag_name><![CDATA[Tag #3]]></wp:tag_name></wp:tag>
	<wp:tag><wp:term_id>23</wp:term_id><wp:tag_slug>tag-4</wp:tag_slug><wp:tag_name><![CDATA[Tag #4]]></wp:tag_name></wp:tag>
	<wp:term><wp:term_id>35</wp:term_id><wp:term_taxonomy>events_category</wp:term_taxonomy><wp:term_slug>afternoon-tea</wp:term_slug><wp:term_parent/><wp:term_name><![CDATA[Afternoon Tea]]></wp:term_name></wp:term>
	<wp:term><wp:term_id>26</wp:term_id><wp:term_taxonomy>events_category</wp:term_taxonomy><wp:term_slug>exercises</wp:term_slug><wp:term_parent/><wp:term_name><![CDATA[Exercises]]></wp:term_name></wp:term>
	<wp:term><wp:term_id>41</wp:term_id><wp:term_taxonomy>product_type</wp:term_taxonomy><wp:term_slug>external</wp:term_slug><wp:term_parent/><wp:term_name><![CDATA[external]]></wp:term_name></wp:term>
	<wp:term><wp:term_id>39</wp:term_id><wp:term_taxonomy>product_type</wp:term_taxonomy><wp:term_slug>grouped</wp:term_slug><wp:term_parent/><wp:term_name><![CDATA[grouped]]></wp:term_name></wp:term>
	<wp:term><wp:term_id>36</wp:term_id><wp:term_taxonomy>events_category</wp:term_taxonomy><wp:term_slug>late-snack</wp:term_slug><wp:term_parent/><wp:term_name><![CDATA[Late Snack]]></wp:term_name></wp:term>
	<wp:term><wp:term_id>24</wp:term_id><wp:term_taxonomy>events_category</wp:term_taxonomy><wp:term_slug>learning</wp:term_slug><wp:term_parent/><wp:term_name><![CDATA[Learning]]></wp:term_name></wp:term>
	<wp:term><wp:term_id>34</wp:term_id><wp:term_taxonomy>events_category</wp:term_taxonomy><wp:term_slug>lunch</wp:term_slug><wp:term_parent/><wp:term_name><![CDATA[Lunch]]></wp:term_name></wp:term>
	<wp:term><wp:term_id>27</wp:term_id><wp:term_taxonomy>events_category</wp:term_taxonomy><wp:term_slug>meals</wp:term_slug><wp:term_parent/><wp:term_name><![CDATA[Meals]]></wp:term_name></wp:term>
	<wp:term><wp:term_id>33</wp:term_id><wp:term_taxonomy>events_category</wp:term_taxonomy><wp:term_slug>morning-tea</wp:term_slug><wp:term_parent/><wp:term_name><![CDATA[Morning Tea]]></wp:term_name></wp:term>
	<wp:term><wp:term_id>30</wp:term_id><wp:term_taxonomy>pb_team_category</wp:term_taxonomy><wp:term_slug>our-staff-i</wp:term_slug><wp:term_parent/><wp:term_name><![CDATA[Our Staff I]]></wp:term_name></wp:term>
	<wp:term><wp:term_id>31</wp:term_id><wp:term_taxonomy>pb_team_category</wp:term_taxonomy><wp:term_slug>our-staff-ii</wp:term_slug><wp:term_parent/><wp:term_name><![CDATA[Our Staff II]]></wp:term_name></wp:term>
	<wp:term><wp:term_id>25</wp:term_id><wp:term_taxonomy>events_category</wp:term_taxonomy><wp:term_slug>play-time</wp:term_slug><wp:term_parent/><wp:term_name><![CDATA[Play Time]]></wp:term_name></wp:term>
	<wp:term><wp:term_id>38</wp:term_id><wp:term_taxonomy>product_type</wp:term_taxonomy><wp:term_slug>simple</wp:term_slug><wp:term_parent/><wp:term_name><![CDATA[simple]]></wp:term_name></wp:term>
	<wp:term><wp:term_id>32</wp:term_id><wp:term_taxonomy>pb_team_category</wp:term_taxonomy><wp:term_slug>single-teacher</wp:term_slug><wp:term_parent/><wp:term_name><![CDATA[Single Teacher]]></wp:term_name></wp:term>
	<wp:term><wp:term_id>29</wp:term_id><wp:term_taxonomy>pb_team_category</wp:term_taxonomy><wp:term_slug>tenderhearts</wp:term_slug><wp:term_parent/><wp:term_name><![CDATA[Tenderhearts]]></wp:term_name></wp:term>
	<wp:term><wp:term_id>40</wp:term_id><wp:term_taxonomy>product_type</wp:term_taxonomy><wp:term_slug>variable</wp:term_slug><wp:term_parent/><wp:term_name><![CDATA[variable]]></wp:term_name></wp:term>
	<wp:term><wp:term_id>6</wp:term_id><wp:term_taxonomy>nav_menu</wp:term_taxonomy><wp:term_slug>galleries</wp:term_slug><wp:term_name><![CDATA[Galleries]]></wp:term_name></wp:term>
	<wp:term><wp:term_id>7</wp:term_id><wp:term_taxonomy>nav_menu</wp:term_taxonomy><wp:term_slug>instructional-videos</wp:term_slug><wp:term_name><![CDATA[Instructional Videos]]></wp:term_name></wp:term>
	<wp:term><wp:term_id>5</wp:term_id><wp:term_taxonomy>nav_menu</wp:term_taxonomy><wp:term_slug>main</wp:term_slug><wp:term_name><![CDATA[Main]]></wp:term_name></wp:term>
	<wp:term><wp:term_id>37</wp:term_id><wp:term_taxonomy>nav_menu</wp:term_taxonomy><wp:term_slug>menu-widget</wp:term_slug><wp:term_name><![CDATA[Menu Widget]]></wp:term_name></wp:term>
	<wp:term><wp:term_id>8</wp:term_id><wp:term_taxonomy>nav_menu</wp:term_taxonomy><wp:term_slug>scrolling-one-page</wp:term_slug><wp:term_name><![CDATA[Scrolling One Page]]></wp:term_name></wp:term>
	<wp:term><wp:term_id>2</wp:term_id><wp:term_taxonomy>nav_menu</wp:term_taxonomy><wp:term_slug>shortcodes</wp:term_slug><wp:term_name><![CDATA[Shortcodes]]></wp:term_name></wp:term>

	<generator>http://wordpress.org/?v=4.2.2</generator>

	
	
	
	
	<item>
		<title>gallery_05</title>
		<link>http://quanticalabs.com/wp_themes2/fable/shortcodes/nivo-slider/gallery_05/</link>
		<pubDate>Fri, 19 Sep 2014 10:55:02 +0000</pubDate>
		<dc:creator><![CDATA[admin]]></dc:creator>
		<guid isPermaLink="false">http://quanticalabs.com/wp_themes2/fable/wp-content/uploads/sites/2/2014/09/gallery_05.jpg</guid>
		<description/>
		<content:encoded><![CDATA[Bouncy Bears Class]]></content:encoded>
		<excerpt:encoded><![CDATA[Columbus Day Celebration]]></excerpt:encoded>
		<wp:post_id>207</wp:post_id>
		<wp:post_date>2014-09-19 10:55:02</wp:post_date>
		<wp:post_date_gmt>2014-09-19 10:55:02</wp:post_date_gmt>
		<wp:comment_status>open</wp:comment_status>
		<wp:ping_status>open</wp:ping_status>
		<wp:post_name>gallery_05</wp:post_name>
		<wp:status>inherit</wp:status>
		<wp:post_parent>64</wp:post_parent>
		<wp:menu_order>0</wp:menu_order>
		<wp:post_type>attachment</wp:post_type>
		<wp:post_password/>
		<wp:is_sticky>0</wp:is_sticky>
		<wp:attachment_url>http://quanticalabs.com/wp_themes2/fable/wp-content/uploads/sites/2/2014/09/gallery_05.jpg</wp:attachment_url>
		<wp:postmeta>
			<wp:meta_key>_wp_attached_file</wp:meta_key>
			<wp:meta_value><![CDATA[2014/09/gallery_05.jpg]]></wp:meta_value>
		</wp:postmeta>
		<wp:postmeta>
			<wp:meta_key>_wp_attachment_metadata</wp:meta_key>
			<wp:meta_value><![CDATA[a:5:{s:5:"width";i:1050;s:6:"height";i:770;s:4:"file";s:22:"2014/09/gallery_05.jpg";s:5:"sizes";a:12:{s:9:"thumbnail";a:4:{s:4:"file";s:22:"gallery_05-150x150.jpg";s:5:"width";i:150;s:6:"height";i:150;s:9:"mime-type";s:10:"image/jpeg";}s:6:"medium";a:4:{s:4:"file";s:22:"gallery_05-300x220.jpg";s:5:"width";i:300;s:6:"height";i:220;s:9:"mime-type";s:10:"image/jpeg";}s:5:"large";a:4:{s:4:"file";s:23:"gallery_05-1024x750.jpg";s:5:"width";i:1024;s:6:"height";i:750;s:9:"mime-type";s:10:"image/jpeg";}s:16:"event-post-thumb";a:4:{s:4:"file";s:22:"gallery_05-630x300.jpg";s:5:"width";i:630;s:6:"height";i:300;s:9:"mime-type";s:10:"image/jpeg";}s:20:"event-post-thumb-box";a:4:{s:4:"file";s:22:"gallery_05-300x240.jpg";s:5:"width";i:300;s:6:"height";i:240;s:9:"mime-type";s:10:"image/jpeg";}s:14:"image-1050-630";a:4:{s:4:"file";s:23:"gallery_05-1050x630.jpg";s:5:"width";i:1050;s:6:"height";i:630;s:9:"mime-type";s:10:"image/jpeg";}s:13:"image-525-315";a:4:{s:4:"file";s:22:"gallery_05-525x315.jpg";s:5:"width";i:525;s:6:"height";i:315;s:9:"mime-type";s:10:"image/jpeg";}s:13:"image-690-414";a:4:{s:4:"file";s:22:"gallery_05-690x414.jpg";s:5:"width";i:690;s:6:"height";i:414;s:9:"mime-type";s:10:"image/jpeg";}s:13:"image-690-506";a:4:{s:4:"file";s:22:"gallery_05-690x506.jpg";s:5:"width";i:690;s:6:"height";i:506;s:9:"mime-type";s:10:"image/jpeg";}s:13:"image-525-385";a:4:{s:4:"file";s:22:"gallery_05-525x385.jpg";s:5:"width";i:525;s:6:"height";i:385;s:9:"mime-type";s:10:"image/jpeg";}s:13:"image-525-560";a:4:{s:4:"file";s:22:"gallery_05-525x560.jpg";s:5:"width";i:525;s:6:"height";i:560;s:9:"mime-type";s:10:"image/jpeg";}s:13:"image-165-165";a:4:{s:4:"file";s:22:"gallery_05-165x165.jpg";s:5:"width";i:165;s:6:"height";i:165;s:9:"mime-type";s:10:"image/jpeg";}}s:10:"image_meta";a:11:{s:8:"aperture";i:0;s:6:"credit";s:0:"";s:6:"camera";s:0:"";s:7:"caption";s:0:"";s:17:"created_timestamp";i:0;s:9:"copyright";s:0:"";s:12:"focal_length";i:0;s:3:"iso";i:0;s:13:"shutter_speed";i:0;s:5:"title";s:0:"";s:11:"orientation";i:0;}}]]></wp:meta_value>
		</wp:postmeta>
		<wp:postmeta>
			<wp:meta_key>pb</wp:meta_key>
			<wp:meta_value><![CDATA[a:2:{s:17:"media_library_url";s:0:"";s:23:"media_library_video_url";s:0:"";}]]></wp:meta_value>
		</wp:postmeta>
		<wp:postmeta>
			<wp:meta_key>pb_meta</wp:meta_key>
			<wp:meta_value><![CDATA[a:2:{s:17:"media_library_url";s:0:"";s:23:"media_library_video_url";s:0:"";}]]></wp:meta_value>
		</wp:postmeta>
		<wp:postmeta>
			<wp:meta_key>_edit_last</wp:meta_key>
			<wp:meta_value><![CDATA[1]]></wp:meta_value>
		</wp:postmeta>
	</item>
	<item>
		<title>gallery_06</title>
		<link>http://quanticalabs.com/wp_themes2/fable/shortcodes/nivo-slider/gallery_06/</link>
		<pubDate>Fri, 19 Sep 2014 10:55:05 +0000</pubDate>
		<dc:creator><![CDATA[admin]]></dc:creator>
		<guid isPermaLink="false">http://quanticalabs.com/wp_themes2/fable/wp-content/uploads/sites/2/2014/09/gallery_06.jpg</guid>
		<description/>
		<content:encoded><![CDATA[Little Lambs Class]]></content:encoded>
		<excerpt:encoded><![CDATA[Birthday in Kindergarten]]></excerpt:encoded>
		<wp:post_id>208</wp:post_id>
		<wp:post_date>2014-09-19 10:55:05</wp:post_date>
		<wp:post_date_gmt>2014-09-19 10:55:05</wp:post_date_gmt>
		<wp:comment_status>open</wp:comment_status>
		<wp:ping_status>open</wp:ping_status>
		<wp:post_name>gallery_06</wp:post_name>
		<wp:status>inherit</wp:status>
		<wp:post_parent>64</wp:post_parent>
		<wp:menu_order>0</wp:menu_order>
		<wp:post_type>attachment</wp:post_type>
		<wp:post_password/>
		<wp:is_sticky>0</wp:is_sticky>
		<wp:attachment_url>http://quanticalabs.com/wp_themes2/fable/wp-content/uploads/sites/2/2014/09/gallery_06.jpg</wp:attachment_url>
		<wp:postmeta>
			<wp:meta_key>_wp_attached_file</wp:meta_key>
			<wp:meta_value><![CDATA[2014/09/gallery_06.jpg]]></wp:meta_value>
		</wp:postmeta>
		<wp:postmeta>
			<wp:meta_key>_wp_attachment_metadata</wp:meta_key>
			<wp:meta_value><![CDATA[a:5:{s:5:"width";i:1050;s:6:"height";i:770;s:4:"file";s:22:"2014/09/gallery_06.jpg";s:5:"sizes";a:12:{s:9:"thumbnail";a:4:{s:4:"file";s:22:"gallery_06-150x150.jpg";s:5:"width";i:150;s:6:"height";i:150;s:9:"mime-type";s:10:"image/jpeg";}s:6:"medium";a:4:{s:4:"file";s:22:"gallery_06-300x220.jpg";s:5:"width";i:300;s:6:"height";i:220;s:9:"mime-type";s:10:"image/jpeg";}s:5:"large";a:4:{s:4:"file";s:23:"gallery_06-1024x750.jpg";s:5:"width";i:1024;s:6:"height";i:750;s:9:"mime-type";s:10:"image/jpeg";}s:16:"event-post-thumb";a:4:{s:4:"file";s:22:"gallery_06-630x300.jpg";s:5:"width";i:630;s:6:"height";i:300;s:9:"mime-type";s:10:"image/jpeg";}s:20:"event-post-thumb-box";a:4:{s:4:"file";s:22:"gallery_06-300x240.jpg";s:5:"width";i:300;s:6:"height";i:240;s:9:"mime-type";s:10:"image/jpeg";}s:14:"image-1050-630";a:4:{s:4:"file";s:23:"gallery_06-1050x630.jpg";s:5:"width";i:1050;s:6:"height";i:630;s:9:"mime-type";s:10:"image/jpeg";}s:13:"image-525-315";a:4:{s:4:"file";s:22:"gallery_06-525x315.jpg";s:5:"width";i:525;s:6:"height";i:315;s:9:"mime-type";s:10:"image/jpeg";}s:13:"image-690-414";a:4:{s:4:"file";s:22:"gallery_06-690x414.jpg";s:5:"width";i:690;s:6:"height";i:414;s:9:"mime-type";s:10:"image/jpeg";}s:13:"image-690-506";a:4:{s:4:"file";s:22:"gallery_06-690x506.jpg";s:5:"width";i:690;s:6:"height";i:506;s:9:"mime-type";s:10:"image/jpeg";}s:13:"image-525-385";a:4:{s:4:"file";s:22:"gallery_06-525x385.jpg";s:5:"width";i:525;s:6:"height";i:385;s:9:"mime-type";s:10:"image/jpeg";}s:13:"image-525-560";a:4:{s:4:"file";s:22:"gallery_06-525x560.jpg";s:5:"width";i:525;s:6:"height";i:560;s:9:"mime-type";s:10:"image/jpeg";}s:13:"image-165-165";a:4:{s:4:"file";s:22:"gallery_06-165x165.jpg";s:5:"width";i:165;s:6:"height";i:165;s:9:"mime-type";s:10:"image/jpeg";}}s:10:"image_meta";a:11:{s:8:"aperture";i:0;s:6:"credit";s:0:"";s:6:"camera";s:0:"";s:7:"caption";s:0:"";s:17:"created_timestamp";i:0;s:9:"copyright";s:0:"";s:12:"focal_length";i:0;s:3:"iso";i:0;s:13:"shutter_speed";i:0;s:5:"title";s:0:"";s:11:"orientation";i:0;}}]]></wp:meta_value>
		</wp:postmeta>
		<wp:postmeta>
			<wp:meta_key>pb</wp:meta_key>
			<wp:meta_value><![CDATA[a:2:{s:17:"media_library_url";s:0:"";s:23:"media_library_video_url";s:0:"";}]]></wp:meta_value>
		</wp:postmeta>
		<wp:postmeta>
			<wp:meta_key>pb_meta</wp:meta_key>
			<wp:meta_value><![CDATA[a:2:{s:17:"media_library_url";s:0:"";s:23:"media_library_video_url";s:0:"";}]]></wp:meta_value>
		</wp:postmeta>
		<wp:postmeta>
			<wp:meta_key>_edit_last</wp:meta_key>
			<wp:meta_value><![CDATA[1]]></wp:meta_value>
		</wp:postmeta>
	</item>
	
	
	
	
	
	
	
	
	
	
	
	
	
	
	
	
	
	
	
	
	
	
	
	
	
	
	
	
	
	
	
	
	
	
	
	
	
	
	
	
	
	
	
	
	
	
	
	
	
	
	
	
	
	
	
	
	
	
	
	
	
	
	
	
	
	
	
	
	
	
	
	
	
	
	
	
	
	
	
	
	
	
	
	
	
	
	
	
	
	
	
	
	
	
	
	
	
	
	
	
	
	
	
	
	
	
	
	
	
	
	
	
	
	
	
	
	
	
	
	
	
	
	
	
	
	
	
	
	
	
	
	
	
	
	
	
	
	
	
	
	
	
	
	
	
	
	
	
	
	
	
	
	
	
	
	
	
	
	
	
	
	
	
	
	
	
	
	
	
	
	
	
	
	
	
	
	
	
	
	
	
	
	
	
	
	
	
	
	
	
	
	
	
	
	
	
	
	
	
	
	
	
	
	
	
	
	
	
	
	
	
	
	
	
	
	
	
	
	
	
	
	
	
	
	
	
	
	
	
	
	
	
	
	
	
	
	
	
	
	
	
	
	
	
	
	
	
	
	
	
	
	
	
	
	
	
	
	
	
	
	
	
	
	
	
	
	
	
	
	
	
	
	
	
	
	
	
	
	
	
	
	
	
	
	
	
	
	
	
	
	
	
	
	
	
	
	
	
	
	
	
	
	
	
	
	
	
	
	
	
	
	
	
	
	
	
	
	
	
	
	
	
	
	
	
	
	
	
	
	
	
	
	
	
	
	
	
	
	
	
	
	
	
	
	
	
	
	
	
	
	
	
	
	
	
	
	
	
	
	
	
	
	
	
	
	
	
	
	
	
	
	
	
	
	
	
	
	
	
	
	
	
	
	
	
	
	
	
	
	
	
	
	
	
	
	
	
	
	
	
	
	
	
	
	
	
	
	
	
	
	
	
	
	
	
	
	
	
	
	
	
	
	
	
	
	
	
	
	
	
	
	
	
	
</channel>
</rss>
